dataset,fitness_binary_percentage_mean
jones,0.11717948717948717
stiffler,0.07894736842105263
haddox,0.058151286636088005
doud,0.06019036954087346
lee,0.0663938999442068
kelsic,0.22295321637426901
brenan,0.01130690161527166
giacomelli,0.12150912996777659
markin,0.03362151777137368
cas12f,0.1808108788718207
zikv_E,0.03665030802965438
cov2_S,0.11842776927003573
