num_iterations,measured_var,learning_strategy,num_mutants_per_round,embedding_type,regression_type,first_round_strategy,first_median_fitness_scaled,first_top_fitness_scaled,first_fitness_binary_percentage,last_top_fitness_scaled,last_median_fitness_scaled,last_fitness_binary_percentage,change_median_fitness_scaled,change_top_fitness_scaled,change_fitness_binary_percentage
2,fitness,top10,16,embeddings,randomforest,random,0.40342114166253146,0.6436743646462103,0.0784313725490196,0.6436743646462103,0.40342114166253146,0.0784313725490196,0.0,0.0,0.0
2,fitness,top10,16,embeddings,randomforest,diverse_medoids,0.4539562172266625,0.6497215259011446,0.0,0.6497215259011446,0.4539562172266625,0.0,0.0,0.0,0.0
2,fitness,top10,16,embeddings,randomforest,representative_hie,0.2870631042435754,0.6949339830520809,0.11764705882352941,0.6949339830520809,0.2870631042435754,0.11764705882352941,0.0,0.0,0.0
3,fitness,top10,16,embeddings,randomforest,random,0.40342114166253146,0.6436743646462103,0.0784313725490196,0.7515139331906787,0.4262763209196973,0.1568627450980392,0.022855179257165847,0.10783956854446841,0.0784313725490196
3,fitness,top10,16,embeddings,randomforest,diverse_medoids,0.4539562172266625,0.6497215259011446,0.0,0.7713786590794056,0.5819049768692052,0.0588235294117647,0.12794875964254265,0.12165713317826099,0.0588235294117647
3,fitness,top10,16,embeddings,randomforest,representative_hie,0.2870631042435754,0.6949339830520809,0.11764705882352941,0.7512102589206757,0.3298298579093812,0.17647058823529413,0.04276675366580579,0.05627627586859485,0.05882352941176472
